Matricule ,Nom,Prenom,Mois,Annee,Corps,Avance,Base
15151,dfsgf,sdkfjs,1,2026,PNT,400,TUN
15152,qsdq,sdkfjs,1,2026,PNT,400,dje
15153,dfsgf,sdkfjs,1,2026,PNT,400,tun
15154,fsd,sdkfjs,1,2026,PNT,400,dje
15155,dfsgf,sdkfjs,1,2026,PNT,400,
15156,dfsgf,sdkfjs,1,2026,PNT,400,
15157,dfsgf,sdkfjs,1,2026,PNT,400,
15158,dfsgf,sdkfjs,1,2026,PNC,155,
15159,dfsgfsdf,sdkfjs,1,2026,PNC,155,
15160,dfsgf,sdkfjs,1,2026,PNC,155,
15161,dfsgf,sdkfjs,1,2026,PNC,155,
15162,dfsgf,sdkfjs,1,2026,PNC,155,
15163,dfsgf,sdkfjs,1,2026,PNC,155,
15164,fds,sdkfjs,1,2026,PNC,155,
